Title,Year
Mondo Trasho,1969
Sleepless in Seattle,1993
The Curve,1998
Hopkins 24/7,2000
Head of State,2003
Something the Lord Made,2004
The Invasion,2007
Hopkins,2008
The Social Network,2010
Veep,2012
House of Cards,2013
Miss Susie Slagle's,1946
Gifted Hands: The Ben Carson Story,2009
