tconst,titleType,primaryTitle,originalTitle,isAdult,startYear,endYear,runtimeMinutes,genres,Title,Year
tt1295085,tvMovie,Gifted Hands: The Ben Carson Story,Gifted Hands: The Ben Carson Story,0,2009,,90,"Biography,Drama",Gifted Hands: The Ben Carson Story,2009
tt2422212,movie,House of Cards,House of Cards,0,2013,,107,"Action,Drama",House of Cards,2013
tt33754364,tvEpisode,The Social Network,The Social Network,0,2010,,,"Short,Talk-Show",The Social Network,2010
tt1799683,tvEpisode,The Social Network,The Social Network,0,2010,,3,"Comedy,Short",The Social Network,2010
tt1808557,short,The Invasion,The Invasion,0,2007,,5,Short,The Invasion,2007
tt0108160,movie,Sleepless in Seattle,Sleepless in Seattle,0,1993,,105,"Comedy,Drama,Romance",Sleepless in Seattle,1993
tt0427392,movie,The Invasion,The Invasion,0,2007,,99,"Sci-Fi,Thriller",The Invasion,2007
tt4110064,tvEpisode,The Social Network,The Social Network,0,2010,,,Comedy,The Social Network,2010
tt0258356,tvSeries,Hopkins 24/7,Hopkins 24/7,0,2000,,60,,Hopkins 24/7,2000
tt2284859,tvEpisode,The Social Network,The Social Network,0,2010,,,Talk-Show,The Social Network,2010
tt1733401,tvEpisode,The Social Network,The Social Network,0,2010,,,News,The Social Network,2010
tt1759761,tvSeries,Veep,Veep,0,2012,2019,30,Comedy,Veep,2012
tt3022406,tvEpisode,The Social Network,The Social Network,0,2010,,,Documentary,The Social Network,2010
tt1285016,movie,The Social Network,The Social Network,0,2010,,120,"Biography,Drama",The Social Network,2010
tt2026358,tvEpisode,The Social Network,The Social Network,0,2010,,,Talk-Show,The Social Network,2010
tt0037917,movie,Miss Susie Slagle's,Miss Susie Slagle's,0,1946,,88,Drama,Miss Susie Slagle's,1946
tt0064683,movie,Mondo Trasho,Mondo Trasho,0,1969,,95,Comedy,Mondo Trasho,1969
tt0594853,tvEpisode,Head of State,Head of State,0,2003,,,"Documentary,Short",Head of State,2003
tt22032292,tvEpisode,The Social Network,The Social Network,0,2010,,15,News,The Social Network,2010
tt2827744,tvEpisode,House of Cards,House of Cards,0,2013,,,"Comedy,Short",House of Cards,2013
tt0325537,movie,Head of State,Head of State,0,2003,,95,Comedy,Head of State,2003
tt0386792,tvMovie,Something the Lord Made,Something the Lord Made,0,2004,,110,"Biography,Drama",Something the Lord Made,2004
tt1856010,tvSeries,House of Cards,House of Cards,0,2013,2018,50,"Drama,Thriller",House of Cards,2013
tt1252438,tvMiniSeries,Hopkins,Hopkins,0,2008,2008,,Documentary,Hopkins,2008
tt3173548,video,House of Cards,House of Cards,0,2013,,6,"Romance,Short",House of Cards,2013
